alpha,sigma,epsilon,replication,agent_0_reward,agent_1_reward,agent_2_reward,agent_3_reward,mean_reward,convergence_time,policy_key
-0.8,0.2,0.0,0,-0.24894371628761292,-0.1826542615890503,-0.5269936919212341,-0.22992601990699768,-0.29712942242622375,100.0,a-0.8_s0.2_e0.0_r0
-0.8,0.2,0.0,1,-0.05854428932070732,-0.07122226059436798,-0.08466959744691849,-0.04279473423957825,-0.06430771946907043,100.0,a-0.8_s0.2_e0.0_r1
