,sum_sq,df,F,PR(>F),eta_sq,eta_sq_pct,partial_eta_sq
C(alpha),404.482761,4.000000,149.662790,0.000000,0.093828,9.382768,0.141738
C(sigma),1294.876713,4.000000,479.117728,0.000000,0.300372,30.037196,0.345842
C(epsilon),2.789957,4.000000,1.032313,0.388955,0.000647,0.064718,0.001138
C(alpha):C(sigma),96.960965,16.000000,8.969139,0.000000,0.022492,2.249199,0.038080
C(alpha):C(epsilon),14.972547,16.000000,1.384999,0.138881,0.003473,0.347317,0.006076
C(sigma):C(epsilon),9.776976,16.000000,0.904395,0.563789,0.002268,0.226796,0.003976
C(alpha):C(sigma):C(epsilon),37.794704,64.000000,0.874027,0.752024,0.008767,0.876722,0.015197
Residual,2449.256109,3625.000000,,,0.568153,56.815282,0.500000
