,sum_sq,df,F,PR(>F),eta_sq,eta_sq_pct,partial_eta_sq
C(alpha),2377.472395,4.000000,531.635331,0.000000,0.277609,27.760947,0.369734
C(sigma),1468.627174,4.000000,328.405115,0.000000,0.171487,17.148666,0.265989
C(epsilon),9.902800,4.000000,2.214401,0.064980,0.001156,0.115632,0.002438
C(alpha):C(sigma),532.417915,16.000000,29.763981,0.000000,0.062169,6.216865,0.116117
C(alpha):C(epsilon),16.433365,16.000000,0.918681,0.546897,0.001919,0.191887,0.004038
C(sigma):C(epsilon),24.074332,16.000000,1.345837,0.159690,0.002811,0.281108,0.005905
C(alpha):C(sigma):C(epsilon),82.413129,64.000000,1.151794,0.192828,0.009623,0.962310,0.019930
Residual,4052.748625,3625.000000,,,0.473226,47.322585,0.500000
