,sum_sq,df,F,PR(>F),eta_sq,eta_sq_pct,partial_eta_sq
C(alpha),2020.556183,4.000000,121.810998,0.000000,0.102859,10.285904,0.118486
C(sigma),905.259472,4.000000,54.574360,0.000000,0.046083,4.608341,0.056800
C(epsilon),13.828997,4.000000,0.833693,0.503538,0.000704,0.070398,0.000919
C(alpha):C(sigma),1159.485630,16.000000,17.475151,0.000000,0.059025,5.902513,0.071608
C(alpha):C(epsilon),52.618511,16.000000,0.793038,0.695210,0.002679,0.267861,0.003488
C(sigma):C(epsilon),84.675903,16.000000,1.276190,0.202699,0.004311,0.431054,0.005601
C(alpha):C(sigma):C(epsilon),374.965792,64.000000,1.412821,0.017560,0.019088,1.908812,0.024337
Residual,15032.542819,3625.000000,,,0.765251,76.525116,0.500000
