,sum_sq,df,F,PR(>F),eta_sq,eta_sq_pct
C(alpha),5536.000000,4.000000,6.882030,0.000016,0.007063,0.706252
C(sigma),4182.666667,4.000000,5.199646,0.000356,0.005336,0.533601
C(epsilon),8476.000000,4.000000,10.536866,0.000000,0.010813,1.081321
C(alpha):C(sigma),3504.000000,16.000000,1.088992,0.359205,0.004470,0.447021
C(alpha):C(epsilon),13944.000000,16.000000,4.333591,0.000000,0.017789,1.778898
C(sigma):C(epsilon),5230.666667,16.000000,1.625614,0.054495,0.006673,0.667299
C(alpha):C(sigma):C(epsilon),13982.666667,64.000000,1.086402,0.298765,0.017838,1.783831
Residual,729000.000000,3625.000000,,,0.930018,93.001776
