,sum_sq,df,F,PR(>F),eta_sq,eta_sq_pct
C(alpha),562.980038,4.000000,186.756297,0.000000,0.095843,9.584331
C(sigma),2328.868934,4.000000,772.551262,0.000000,0.396473,39.647322
C(epsilon),46.129548,4.000000,15.302467,0.000000,0.007853,0.785322
C(alpha):C(sigma),123.482620,16.000000,10.240664,0.000000,0.021022,2.102203
C(alpha):C(epsilon),13.241448,16.000000,1.098140,0.350185,0.002254,0.225426
C(sigma):C(epsilon),22.247427,16.000000,1.845024,0.021027,0.003787,0.378746
C(alpha):C(sigma):C(epsilon),45.106722,64.000000,0.935198,0.623202,0.007679,0.767910
Residual,2731.906055,3625.000000,,,0.465087,46.508740
