{
  "total_conditions": 125,
  "total_replications": 3750,
  "mean_reward": -1.724173186713457,
  "std_reward": 1.2517219711832481,
  "best_condition": {
    "alpha": 0.4,
    "sigma": 0.2,
    "epsilon": 0.0
  },
  "worst_condition": {
    "alpha": 0.0,
    "sigma": 1.0,
    "epsilon": 0.75
  },
  "best_reward": -0.4253253708283106,
  "worst_reward": -4.511209066708883,
  "policy_convergence_rate": 0.008533333333333334,
  "reward_convergence_rate": 0.9933333333333333,
  "n_policy_clusters": 4,
  "pca_variance_5pc": [
    "0.1381",
    "0.2741",
    "0.4081",
    "0.505",
    "0.5461"
  ],
  "alpha_stats": {
    "mean": {
      "-0.8": -1.6309525883098444,
      "-0.4": -1.453076440413793,
      "0.0": -2.4857472894589105,
      "0.4": -1.4564255457520485,
      "0.8": -1.5946640696326893
    },
    "std": {
      "-0.8": 1.3101311357857872,
      "-0.4": 0.881062697920879,
      "0.0": 1.486789714786924,
      "0.4": 0.8477059273554014,
      "0.8": 1.2918593673892103
    },
    "min": {
      "-0.8": -9.468310356140137,
      "-0.4": -4.958166599273682,
      "0.0": -9.064859390258787,
      "0.4": -5.6135993003845215,
      "0.8": -10.617218017578123
    },
    "max": {
      "-0.8": -0.1037450358271598,
      "-0.4": -0.1877288818359375,
      "0.0": -0.2955029904842376,
      "0.4": -0.207963228225708,
      "0.8": -0.1238707453012466
    }
  },
  "agent_var_by_alpha": {
    "-0.8": 0.1103388463356679,
    "0.0": 2.8411852403397724,
    "0.8": 0.10070590209382317
  },
  "exploit_significance": {
    "-0.8": 0.0,
    "-0.4": 0.12,
    "0.0": 0.12,
    "0.4": 0.08,
    "0.8": 0.0
  },
  "speed_by_alpha": {
    "-0.8": 77.73333333333333,
    "-0.4": 76.73333333333333,
    "0.0": 77.4,
    "0.4": 76.46666666666667,
    "0.8": 77.4
  },
  "stability_by_alpha": {
    "-0.8": 0.04880592226982117,
    "-0.4": 0.0434001199901104,
    "0.0": 0.05620289221405983,
    "0.4": 0.043120741844177246,
    "0.8": 0.04964785277843475
  }
}